{
    "type": "APL",
    "version": "1.9",
    "settings": {
        "supportsResizing": true
    },
    "theme": "dark",
    "import": [
        {
            "name": "alexa-layouts",
            "version": "1.3.0"
        }
    ],
    "resources": [
        {
            "easing": {
                "inverted": "curve(0, 0, 0.165, 0.840, 0.440, 1.000) end(400,-180)",
                "normal": "curve(0, -180, 0.165, 0.840, 0.440, 1.000) end(400,0)",
                "collapsed": "curve(0, 100, 0.165, 0.840, 0.440, 1.000) end(400,0)",
                "collapsible": "curve(0, 0, 0.165, 0.840, 0.440, 1.000) end(400,100)"
            }
        },
        {
            "numbers": {
                "MAX_SUGGESTIONS_PER_ROW": 5,
                "STICKY_HEADER_HEIGHT": 215,
                "COVER_IMAGE_WIDTH": 320,
                "COVER_IMAGE_HEIGHT": 320
            }
        },
        {
            "when": "${@viewportProfile == @hubLandscapeMedium || @viewportProfile == @mobileMedium}",
            "numbers": {
                "MAX_SUGGESTIONS_PER_ROW": 4
            }
        },
        {
            "when": "${@viewportProfile == @hubLandscapeSmall}",
            "numbers": {
                "MAX_SUGGESTIONS_PER_ROW": 3,
                "COVER_IMAGE_WIDTH": 250,
                "COVER_IMAGE_HEIGHT": 250
            }
        },
        {
            "when": "${@viewportProfile == @mobileSmall}",
            "numbers": {
                "MAX_SUGGESTIONS_PER_ROW": 2,
                "STICKY_HEADER_HEIGHT": 300
            }
        },
        {
            "numbers": {
                "STICKY_HEADER_HEIGHT_OFFSET": "${@STICKY_HEADER_HEIGHT + 15}"
            }
        }
    ],
    "onConfigChange": [
        {
            "type": "Reinflate"
        }
    ],
    "styles": {},
    "onMount": [],
    "graphics": {
        "musicVendor": {
            "type": "AVG",
            "version": "1.2",
            "width": 35.418,
            "height": 35.418,
            "items": [
                {
                    "type": "group",
                    "items": [
                        {
                            "type": "path",
                            "pathData": "M20.948,9.891c-0.857,0.068-1.847,0.136-2.837,0.269c-1.516,0.195-3.032,0.461-4.284,1.053c-2.439,0.994-4.088,3.105-4.088,6.209c0,3.898,2.506,5.875,5.669,5.875c1.057,0,1.913-0.129,2.703-0.328c1.255-0.396,2.31-1.123,3.562-2.441c0.727,0.99,0.923,1.453,2.177,2.509c0.329,0.133,0.658,0.133,0.922-0.066c0.791-0.659,2.174-1.848,2.901-2.508c0.328-0.267,0.263-0.66,0.066-0.992c-0.727-0.924-1.45-1.718-1.45-3.498v-5.943c0-2.513,0.195-4.822-1.647-6.537c-1.518-1.391-3.891-1.916-5.735-1.916c-0.264,0-0.527,0-0.792,0c-3.362,0.197-6.921,1.647-7.714,5.811c-0.13,0.525,0.267,0.726,0.53,0.793l3.691,0.464c0.396-0.07,0.593-0.398,0.658-0.73c0.333-1.449,1.518-2.176,2.836-2.309c0.067,0,0.133,0,0.265,0c0.79,0,1.646,0.332,2.109,0.987c0.523,0.795,0.461,1.853,0.461,2.775L20.948,9.891L20.948,9.891z M20.223,17.749c-0.461,0.925-1.253,1.519-2.11,1.718c-0.131,0-0.327,0.068-0.526,0.068c-1.45,0-2.31-1.123-2.31-2.775c0-2.11,1.254-3.104,2.836-3.565c0.857-0.197,1.847-0.265,2.836-0.265v0.793C20.948,15.243,21.01,16.43,20.223,17.749z M35.418,26.918v0.215c-0.035,1.291-0.716,3.768-2.328,5.131c-0.322,0.25-0.645,0.107-0.503-0.254c0.469-1.145,1.541-3.803,1.04-4.412c-0.355-0.465-1.826-0.43-3.079-0.322c-0.572,0.072-1.075,0.105-1.469,0.183c-0.357,0.033-0.431-0.287-0.071-0.537c0.466-0.323,0.969-0.573,1.541-0.756c2.039-0.608,4.406-0.25,4.729,0.146C35.348,26.414,35.418,26.629,35.418,26.918z M32.016,29.428c-0.466,0.357-0.965,0.682-1.468,0.973c-3.761,2.261-8.631,3.441-12.856,3.441c-6.807,0-12.895-2.512-17.514-6.709c-0.396-0.324-0.073-0.789,0.393-0.539C5.549,29.5,11.709,31.26,18.084,31.26c4.013,0,8.342-0.754,12.463-2.371c0.285-0.104,0.608-0.252,0.895-0.356C32.087,28.242,32.661,28.965,32.016,29.428z",
                            "fill": "black"
                        }
                    ]
                }
            ]
        },
        "thumbUp": {
            "type": "AVG",
            "version": "1.2",
            "width": 512,
            "height": 512,
            "items": [
                {
                    "type": "group",
                    "items": [
                        {
                            "type": "group",
                            "items": [
                                {
                                    "type": "group",
                                    "items": [
                                        {
                                            "type": "path",
                                            "pathData": "M495.736,290.773C509.397,282.317,512,269.397,512,260.796c0-22.4-18.253-47.462-42.667-47.462H349.918c-4.284-0.051-25.651-1.51-25.651-25.6c0-4.71-3.814-8.533-8.533-8.533s-8.533,3.823-8.533,8.533c0,33.749,27.913,42.667,42.667,42.667h119.467c14.182,0,25.6,16.631,25.6,30.396c0,4.437,0,17.946-26.53,20.855c-4.506,0.495-7.834,4.42-7.586,8.951c0.239,4.523,3.985,8.064,8.516,8.064c14.114,0,25.6,11.486,25.6,25.6s-11.486,25.6-25.6,25.6h-17.067c-4.719,0-8.533,3.823-8.533,8.533s3.814,8.533,8.533,8.533c14.114,0,25.6,11.486,25.6,25.6s-11.486,25.6-25.6,25.6h-25.6c-4.719,0-8.533,3.823-8.533,8.533s3.814,8.533,8.533,8.533c8.934,0,17.067,8.132,17.067,17.067c0,8.61-8.448,17.067-17.067,17.067h-128c-35.627,0-48.444-7.074-63.292-15.258c-12.553-6.921-26.786-14.763-54.963-18.79c-4.668-0.674-8.994,2.577-9.66,7.236c-0.666,4.668,2.569,8.994,7.236,9.66c25.105,3.584,37.325,10.325,49.152,16.845c15.497,8.542,31.505,17.374,71.526,17.374h128c17.869,0,34.133-16.273,34.133-34.133c0-6.229-1.775-12.134-4.83-17.229c21.794-1.877,38.963-20.224,38.963-42.505c0-10.829-4.062-20.736-10.735-28.271C500.42,358.212,512,342.571,512,324.267C512,310.699,505.634,298.59,495.736,290.773z",
                                            "fill": "white"
                                        },
                                        {
                                            "type": "path",
                                            "pathData": "M76.8,443.733c9.412,0,17.067-7.654,17.067-17.067S86.212,409.6,76.8,409.6c-9.412,0-17.067,7.654-17.067,17.067S67.388,443.733,76.8,443.733z",
                                            "fill": "white"
                                        },
                                        {
                                            "type": "path",
                                            "pathData": "M179.2,247.467c25.353,0,57.429-28.297,74.3-45.167c36.634-36.634,36.634-82.167,36.634-151.1c0-5.342,3.191-8.533,8.533-8.533c29.508,0,42.667,13.158,42.667,42.667v102.4c0,4.71,3.814,8.533,8.533,8.533s8.533-3.823,8.533-8.533v-102.4c0-39.083-20.659-59.733-59.733-59.733c-14.831,0-25.6,10.769-25.6,25.6c0,66.978,0,107.401-31.633,139.034C216.661,215.006,192.811,230.4,179.2,230.4c-4.719,0-8.533,3.823-8.533,8.533S174.481,247.467,179.2,247.467z",
                                            "fill": "white"
                                        },
                                        {
                                            "type": "path",
                                            "pathData": "M145.067,213.333H8.533c-4.719,0-8.533,3.823-8.533,8.533v256c0,4.71,3.814,8.533,8.533,8.533h136.533c4.719,0,8.533-3.823,8.533-8.533v-256C153.6,217.156,149.786,213.333,145.067,213.333z M136.533,469.333H17.067V230.4h119.467V469.333z",
                                            "fill": "white"
                                        }
                                    ]
                                }
                            ]
                        }
                    ]
                }
            ]
        },
        "thumbDown": {
            "type": "AVG",
            "version": "1.2",
            "width": 512,
            "height": 512,
            "items": [
                {
                    "type": "group",
                    "items": [
                        {
                            "type": "group",
                            "items": [
                                {
                                    "type": "group",
                                    "items": [
                                        {
                                            "type": "path",
                                            "pathData": "M76.8,247.467c9.412,0,17.067-7.654,17.067-17.067c0-9.412-7.654-17.067-17.067-17.067c-9.412,0-17.067,7.654-17.067,17.067C59.733,239.812,67.388,247.467,76.8,247.467z",
                                            "fill": "white"
                                        },
                                        {
                                            "type": "path",
                                            "pathData": "M495.736,221.227C505.634,213.41,512,201.301,512,187.733c0-18.295-11.58-33.946-27.802-39.996c6.673-7.535,10.735-17.434,10.735-28.271c0-22.281-17.169-40.627-38.963-42.505c3.055-5.094,4.83-10.999,4.83-17.229c0-17.86-16.265-34.133-34.133-34.133h-128c-40.021,0-56.03,8.832-71.526,17.374c-11.827,6.519-24.047,13.261-49.152,16.845c-4.668,0.666-7.902,4.992-7.236,9.66c0.666,4.659,4.949,7.885,9.66,7.236c28.177-4.028,42.411-11.87,54.963-18.79c14.848-8.183,27.665-15.258,63.292-15.258h128c8.619,0,17.067,8.456,17.067,17.067c0,8.934-8.132,17.067-17.067,17.067c-4.719,0-8.533,3.823-8.533,8.533s3.814,8.533,8.533,8.533h25.6c14.114,0,25.6,11.486,25.6,25.6s-11.486,25.6-25.6,25.6c-4.719,0-8.533,3.823-8.533,8.533c0,4.71,3.814,8.533,8.533,8.533h17.067c14.114,0,25.6,11.486,25.6,25.6s-11.486,25.6-25.6,25.6c-4.531,0-8.277,3.541-8.516,8.064c-0.247,4.531,3.081,8.457,7.586,8.951c26.53,2.91,26.53,16.418,26.53,20.847c0,13.773-11.418,30.404-25.6,30.404H349.867c-14.763,0-42.667,8.917-42.667,42.667c0,4.71,3.814,8.533,8.533,8.533s8.533-3.823,8.533-8.533c0-24.09,21.367-25.549,25.6-25.6h119.467c24.414,0,42.667-25.054,42.667-47.471C512,242.603,509.397,229.683,495.736,221.227z",
                                            "fill": "white"
                                        },
                                        {
                                            "type": "path",
                                            "pathData": "M349.867,315.733c-4.719,0-8.533,3.823-8.533,8.533v102.4c0,29.508-13.158,42.667-42.667,42.667c-5.342,0-8.533-3.192-8.533-8.533c0-68.932,0-114.466-36.634-151.1c-16.87-16.87-48.947-45.167-74.3-45.167c-4.719,0-8.533,3.823-8.533,8.533s3.814,8.533,8.533,8.533c13.611,0,37.461,15.394,62.234,40.166c31.633,31.633,31.633,72.055,31.633,139.034c0,14.831,10.769,25.6,25.6,25.6c39.074,0,59.733-20.651,59.733-59.733v-102.4C358.4,319.556,354.586,315.733,349.867,315.733z",
                                            "fill": "white"
                                        },
                                        {
                                            "type": "path",
                                            "pathData": "M145.067,25.6H8.533C3.814,25.6,0,29.423,0,34.133v256c0,4.71,3.814,8.533,8.533,8.533h136.533c4.719,0,8.533-3.823,8.533-8.533v-256C153.6,29.423,149.786,25.6,145.067,25.6z M136.533,281.6H17.067V42.667h119.467V281.6z",
                                            "fill": "white"
                                        }
                                    ]
                                }
                            ]
                        }
                    ]
                }
            ]
        }
    },
    "commands": {
        "ToggleControls": {
            "commands": [
                {
                    "type": "SetValue",
                    "property": "elapsedTimeSinceOpening",
                    "value": "${elapsedTime}"
                },
                {
                    "type": "SetValue",
                    "property": "collapsed",
                    "value": "${!collapsed}"
                }
            ]
        },
        "ScrollUp": {
            "commands": [
                {
                    "type": "Idle",
                    "delay": 5000,
                    "sequencer": "resetScrollPosition"
                },
                {
                    "type": "ScrollToIndex",
                    "index": 0,
                    "align": "first",
                    "sequencer": "resetScrollPosition"
                }
            ]
        },
        "FadeIn": {
            "commands": [
                {
                    "type": "AnimateItem",
                    "easing": "ease-in-out",
                    "duration": 400,
                    "value": [
                        {
                            "property": "opacity",
                            "to": 1
                        },
                        {
                            "property": "transform",
                            "from": [
                                {
                                    "translateY": 40
                                }
                            ],
                            "to": [
                                {
                                    "translateY": 0
                                }
                            ]
                        }
                    ]
                }
            ]
        }
    },
    "layouts": {
        "SongName": {
            "item": {
                "type": "Text",
                "fontSize": "@fontSize2XLarge",
                "fontWeight": "@fontWeightBold",
                "letterSpacing": "@letterSpacingCondensed",
                "text": "${metadata.songName}",
                "maxLines": 2
            }
        },
        "Interpreter": {
            "item": {
                "type": "Text",
                "paddingTop": "@spacing3XSmall",
                "fontSize": "@fontSizeSmall",
                "fontWeight": "@fontWeightBold",
                "lineHeight": "@lineHeightExpanded",
                "text": "${metadata.artistName}"
            }
        },
        "Vendor": {
            "parameters": [
                {
                    "name": "width",
                    "default": 50
                },
                {
                    "name": "height",
                    "default": 50
                },
                {
                    "name": "fontSize",
                    "default": "@fontSizeSmall"
                }
            ],
            "item": {
                "type": "Container",
                "direction": "row",
                "alignItems": "center",
                "items": [
                    {
                        "type": "VectorGraphic",
                        "source": "musicVendor",
                        "width": "${width}",
                        "height": "${height}",
                        "scale": "best-fit"
                    },
                    {
                        "type": "Text",
                        "spacing": "@spacing3XSmall",
                        "text": "amazon music",
                        "fontWeight": "@fontWeightBold",
                        "fontSize": "${fontSize}"
                    }
                ]
            }
        },
        "CoverImage": {
            "item": {
                "type": "Container",
                "grow": 0,
                "shrink": 0,
                "item": {
                    "type": "Image",
                    "source": "https://27mi124bz6zg1hqy6n192jkb-wpengine.netdna-ssl.com/wp-content/uploads/2019/10/Our-Top-10-Songs-About-School-768x569.png",
                    "width": "100%",
                    "height": "100%",
                    "scale": "best-fill"
                }
            }
        },
        "thumbUpLayout": {
            "item": {
                "type": "Container",
                "width": "45px",
                "height": "45px",
                "alignItems": "center",
                "justifyContent": "spaceAround",
                "items": [
                    {
                        "type": "VectorGraphic",
                        "source": "thumbUp",
                        "width": "30px",
                        "height": "30px",
                        "scale": "best-fit"
                    }
                ]
            }
        },
        "thumbDownLayout": {
            "item": {
                "type": "Container",
                "width": "45px",
                "height": "45px",
                "alignItems": "center",
                "justifyContent": "spaceAround",
                "items": [
                    {
                        "type": "TouchWrapper",
                        "id": "thumbDownButton",
                        "item": {
                            "type": "VectorGraphic",
                            "source": "thumbDown",
                            "width": "30px",
                            "height": "30px",
                            "scale": "best-fit"
                        },
                        "onPress": [
                            {
                                "type": "Parallel",
                                "commands": [
                                    {
                                        "type": "AnimateItem",
                                        "sequencer": "ThumbDownButtonAnimate",
                                        "easing": "ease-out",
                                        "repeatCount": 1,
                                        "repeatMode": "reverse",
                                        "duration": 300,
                                        "value": [
                                            {
                                                "property": "transform",
                                                "from": [
                                                    {
                                                        "scale": 1
                                                    }
                                                ],
                                                "to": [
                                                    {
                                                        "scale": 0.9
                                                    }
                                                ]
                                            }
                                        ]
                                    },
                                    {
                                        "type": "SendEvent",
                                        "sequencer": "ThumbDownButtonPressed",
                                        "arguments": [
                                            "User press",
                                            "thumb down"
                                        ]
                                    }
                                ]
                            }
                        ]
                    }
                ]
            }
        }
    },
    "mainTemplate": {
        "parameters": [
            "metadata"
        ],
        "items": [
            {
                "type": "Container",
                "width": "100vw",
                "height": "100vh",
                "items": [
                    {
                        "type": "AlexaBackground",
                        "backgroundColor": "#acadad",
                        "overlayGradient": true
                    },
                    {
                        "when": "${@viewportProfile == @hubRoundSmall}",
                        "type": "Container",
                        "items": [
                            {
                                "type": "AlexaProgressBarRadial",
                                "totalValue": 320,
                                "progressValue": 120,
                                "position": "absolute"
                            },
                            {
                                "type": "Container",
                                "width": "100%",
                                "justifyContent": "start",
                                "alignItems": "center",
                                "padding": [
                                    "@marginHorizontal"
                                ],
                                "height": "100%",
                                "items": [
                                    {
                                        "type": "Vendor",
                                        "paddingBottom": "@spacingMedium"
                                    },
                                    {
                                        "type": "CoverImage",
                                        "width": 100,
                                        "height": 100
                                    },
                                    {
                                        "type": "SongName",
                                        "fontSize": "@fontSizeLarge",
                                        "textAlign": "center"
                                    },
                                    {
                                        "type": "Interpreter",
                                        "fontSize": "@fontSizeXSmall"
                                    }
                                ]
                            }
                        ]
                    },
                    {
                        "when": "${@viewportProfile != @hubRoundSmall}",
                        "type": "ScrollView",
                        "id": "scrollView",
                        "width": "100%",
                        "height": "100%",
                        "bind": [
                            {
                                "name": "elapsedTimeSinceScrolling",
                                "value": null
                            },
                            {
                                "name": "elapsedTimeSinceOpening",
                                "value": null
                            },
                            {
                                "name": "collapsed",
                                "value": true
                            }
                        ],
                        "handleTick": [
                            {
                                "when": "${elapsedTimeSinceScrolling != null}",
                                "minimumDelay": 500,
                                "commands": [
                                    {
                                        "when": "${elapsedTime - elapsedTimeSinceScrolling >= 5000}",
                                        "type": "Sequential",
                                        "commands": [
                                            {
                                                "type": "SetValue",
                                                "property": "elapsedTimeSinceScrolling",
                                                "value": null
                                            },
                                            {
                                                "type": "Scroll",
                                                "componentId": "scrollView",
                                                "sequencer": "resetScrollPosition",
                                                "distance": -1000
                                            }
                                        ]
                                    }
                                ]
                            }
                        ],
                        "onScroll": [
                            {
                                "type": "SetValue",
                                "property": "elapsedTimeSinceScrolling",
                                "value": "${event.source.value <= 0 ? null : elapsedTime}"
                            },
                            {
                                "type": "Sequential",
                                "commands": [
                                    {
                                        "type": "Parallel",
                                        "commands": [
                                            {
                                                "type": "SetValue",
                                                "componentId": "stickyHeader",
                                                "property": "transform",
                                                "value": [
                                                    {
                                                        "translateY": "${(@STICKY_HEADER_HEIGHT_OFFSET * -1) + Math.min(@STICKY_HEADER_HEIGHT_OFFSET * ((Math.max(event.source.value - 0.175, 0)) * 10)  / 2, @STICKY_HEADER_HEIGHT_OFFSET)}"
                                                    }
                                                ]
                                            },
                                            {
                                                "type": "SetValue",
                                                "componentId": "player",
                                                "property": "opacity",
                                                "value": "${1 - Math.min(1 * ((Math.max(event.source.value - 0.175, 0)) * 10)  / 2, 1)}"
                                            }
                                        ]
                                    }
                                ]
                            }
                        ],
                        "item": {
                            "type": "Container",
                            "padding": "@marginHorizontal",
                            "width": "100%",
                            "items": [
                                {
                                    "id": "explainer",
                                    "type": "Container",
                                    "direction": "row",
                                    "alignItems": "center",
                                    "items": [
                                        {
                                            "type": "Text",
                                            "text": "Based on that you like ${metadata.artistName}",
                                            "fontSize": "@fontSizeXSmall",
                                            "fontWeight": "@fontWeightBold"
                                        },
                                        {
                                            "type": "thumbUpLayout"
                                        },
                                        {
                                            "type": "thumbDownLayout"
                                        }
                                    ]
                                },
                                {
                                    "type": "Container",
                                    "id": "player",
                                    "items": [
                                        {
                                            "type": "TouchWrapper",
                                            "onPress": [
                                                {
                                                    "type": "ToggleControls"
                                                }
                                            ],
                                            "item": {
                                                "type": "Container",
                                                "items": [
                                                    {
                                                        "type": "Container",
                                                        "direction": "${@viewportProfile == @mobileSmall ? 'column' : 'row'}",
                                                        "items": [
                                                            {
                                                                "type": "CoverImage",
                                                                "width": "@COVER_IMAGE_WIDTH",
                                                                "height": "@COVER_IMAGE_HEIGHT",
                                                                "shadowColor": "rgba(0,0,0,.375)",
                                                                "shadowRadius": 10,
                                                                "shadowHorizontalOffset": 10
                                                            },
                                                            {
                                                                "type": "Container",
                                                                "grow": 1,
                                                                "shrink": 1,
                                                                "paddingTop": "${@viewportProfile == @mobileSmall ? @spacingLarge : 0}",
                                                                "paddingLeft": "${@viewportProfile == @mobileSmall ? 0 : @spacingLarge}",
                                                                "items": [
                                                                    {
                                                                        "type": "Vendor",
                                                                        "paddingBottom": "@spacing3XSmall"
                                                                    },
                                                                    {
                                                                        "type": "SongName"
                                                                    },
                                                                    {
                                                                        "type": "Interpreter"
                                                                    },
                                                                    {
                                                                        "type": "Text",
                                                                        "fontSize": "@fontSizeSmall",
                                                                        "fontWeight": "@fontWeightLight",
                                                                        "text": "${metadata.albumName}"
                                                                    }
                                                                ]
                                                            }
                                                        ]
                                                    },
                                                    {
                                                        "type": "Container",
                                                        "width": "100%",
                                                        "paddingTop": "@spacing3XSmall",
                                                        "alignItems": "center",
                                                        "direction": "row",
                                                        "items": [
                                                            {
                                                                "type": "AlexaProgressBar",
                                                                "grow": 0,
                                                                "shrink": 1,
                                                                "totalValue": 320,
                                                                "progressValue": 120,
                                                                "width": "${(viewport.width - (@marginHorizontal * 2)) - @spacingMedium - 65dp}"
                                                            },
                                                            {
                                                                "type": "Container",
                                                                "grow": 1,
                                                                "shrink": 0,
                                                                "alignItems": "end",
                                                                "items": [
                                                                    {
                                                                        "type": "AlexaIconButton",
                                                                        "vectorSource": "M12 16C11.74 16 11.48 15.89 11.3 15.7l-5-5C5.99 10.47 5.84 10.07 5.92 9.69 6.01 9.3 6.3 9.01 6.69 8.92 7.07 8.84 7.47 8.99 7.7 9.3l4.3 4.29 4.3-4.3C16.55 9.01 16.93 8.89 17.3 8.98 17.66 9.07 17.94 9.35 18.03 9.72 18.11 10.08 17.99 10.47 17.7 10.71l-5 5C12.51 15.89 12.26 16 12 16z",
                                                                        "buttonSize": "65dp",
                                                                        "buttonStyle": "contained",
                                                                        "transform": [
                                                                            {
                                                                                "rotate": "${elapsedTimeSinceOpening == null ? 0 : collapsed ? @normal(elapsedTime - (elapsedTimeSinceOpening || 0)) : @inverted(elapsedTime - elapsedTimeSinceOpening)}"
                                                                            }
                                                                        ],
                                                                        "primaryAction": [
                                                                            {
                                                                                "type": "ToggleControls"
                                                                            }
                                                                        ]
                                                                    }
                                                                ]
                                                            }
                                                        ]
                                                    }
                                                ]
                                            }
                                        },
                                        {
                                            "type": "Container",
                                            "id": "controls",
                                            "width": "100%",
                                            "direction": "row",
                                            "handleTick": [
                                                {
                                                    "when": "${!collapsed && elapsedTimeSinceOpening != null}",
                                                    "minimumDelay": 500,
                                                    "commands": [
                                                        {
                                                            "when": "${elapsedTime - elapsedTimeSinceOpening >= 5000}",
                                                            "type": "ToggleControls"
                                                        }
                                                    ]
                                                }
                                            ],
                                            "height": "${elapsedTimeSinceOpening == null ? 0 : collapsed ? @collapsed(elapsedTime - (elapsedTimeSinceOpening || 0)) : @collapsible(elapsedTime - elapsedTimeSinceOpening)}",
                                            "items": [
                                                {
                                                    "type": "AlexaIconButton",
                                                    "vectorSource": "M18.462,4.113c-0.331-0.17-0.729-0.146-1.035,0.068L9,10.079V4c0-0.55-0.45-1-1-1H6C5.45,3,5,3.45,5,4v16c0,0.55,0.45,1,1,1h2c0.55,0,1-0.45,1-1v-6.079l8.427,5.899C17.598,19.939,17.799,20,18,20c0.158,0,0.316-0.037,0.462-0.113C18.793,19.715,19,19.373,19,19V5C19,4.627,18.793,4.285,18.462,4.113z"
                                                },
                                                {
                                                    "type": "AlexaIconButton",
                                                    "buttonStyle": "contained",
                                                    "vectorSource": "M21.549,11.208L7.328,2.13C7.052,1.955,6.715,1.957,6.441,2.136C6.168,2.315,6,2.644,6,3v18c0,0.354,0.167,0.683,0.439,0.862C6.578,21.954,6.733,22,6.889,22c0.149,0,0.298-0.042,0.433-0.127l14.223-8.922c0.28-0.176,0.455-0.509,0.456-0.87C22.001,11.72,21.829,11.386,21.549,11.208z"
                                                },
                                                {
                                                    "type": "AlexaIconButton",
                                                    "vectorSource": "M18,3h-2c-0.55,0-1,0.45-1,1v6.067L6.57,4.182C6.26,3.97,5.87,3.939,5.54,4.111C5.21,4.293,5,4.636,5,5.009v13.981c0,0.373,0.21,0.717,0.54,0.888C5.68,19.96,5.84,20,6,20c0.2,0,0.4-0.061,0.57-0.182L15,13.923V20c0,0.55,0.45,1,1,1h2c0.55,0,1-0.45,1-1V4C19,3.45,18.55,3,18,3z"
                                                }
                                            ]
                                        }
                                    ]
                                },
                                {
                                    "type": "Text",
                                    "text": "You May Also Like",
                                    "fontSize": "@fontSizeXSmall",
                                    "fontWeight": "@fontWeightBold",
                                    "paddingTop": "@spacingMedium",
                                    "paddingBottom": "@spacingSmall",
                                    "opacity": 0,
                                    "onMount": [
                                        {
                                            "type": "FadeIn"
                                        }
                                    ]
                                },
                                {
                                    "type": "Container",
                                    "direction": "row",
                                    "wrap": "wrap",
                                    "data": "${Array.range(0, 8)}",
                                    "alignItems": "start",
                                    "items": [
                                        {
                                            "type": "Container",
                                            "bind": [
                                                {
                                                    "name": "ordinal",
                                                    "value": "${index}"
                                                }
                                            ],
                                            "paddingRight": "${(ordinal + 1) % @MAX_SUGGESTIONS_PER_ROW == 0 ? 0 : @spacingMedium}",
                                            "paddingBottom": "@spacingSmall",
                                            "items": [
                                                {
                                                    "type": "TouchWrapper",
                                                    "onPress": [
                                                        {
                                                            "type": "Parallel",
                                                            "commands": [
                                                                {
                                                                    "type": "AnimateItem",
                                                                    "sequencer": "recommendationSelectedAnimation${index}",
                                                                    "easing": "ease-out",
                                                                    "repeatCount": 1,
                                                                    "repeatMode": "reverse",
                                                                    "duration": 300,
                                                                    "value": [
                                                                        {
                                                                            "property": "transform",
                                                                            "from": [
                                                                                {
                                                                                    "scale": 1
                                                                                }
                                                                            ],
                                                                            "to": [
                                                                                {
                                                                                    "scale": 0.95
                                                                                }
                                                                            ]
                                                                        }
                                                                    ]
                                                                },
                                                                {
                                                                    "type": "SendEvent",
                                                                    "sequencer": "recommendationSelected${ordinal}",
                                                                    "arguments": [
                                                                        "RECOMMENDATION_SELECTED",
                                                                        "${ordinal}"
                                                                    ]
                                                                }
                                                            ]
                                                        }
                                                    ],
                                                    "item": {
                                                        "type": "Frame",
                                                        "width": "${(viewport.width - (@marginHorizontal * 2) - (@spacingMedium * (@MAX_SUGGESTIONS_PER_ROW - 1))) / @MAX_SUGGESTIONS_PER_ROW}",
                                                        "backgroundColor": "rgba(#293150, .875)",
                                                        "borderRadius": 15,
                                                        "padding": "@spacingXSmall",
                                                        "item": {
                                                            "type": "Container",
                                                            "width": "100%",
                                                            "items": [
                                                                {
                                                                    "type": "Image",
                                                                    "source": "https://27mi124bz6zg1hqy6n192jkb-wpengine.netdna-ssl.com/wp-content/uploads/2019/10/Our-Top-10-Songs-About-School-768x569.png",
                                                                    "width": "100%",
                                                                    "height": 180,
                                                                    "borderRadius": 15,
                                                                    "scale": "best-fill",
                                                                    "paddingBottom": "@spacingXSmall"
                                                                },
                                                                {
                                                                    "type": "Text",
                                                                    "text": "${ordinal + 1}. SongName",
                                                                    "fontSize": "@fontSizeXSmall",
                                                                    "fontWeight": "@fontWeightMedium"
                                                                },
                                                                {
                                                                    "type": "Text",
                                                                    "text": "ArtistName",
                                                                    "fontSize": "@fontSizeXSmall",
                                                                    "fontWeight": "@fontWeightLight"
                                                                }
                                                            ]
                                                        }
                                                    }
                                                }
                                            ],
                                            "opacity": 0,
                                            "onMount": [
                                                {
                                                    "type": "Sequential",
                                                    "sequencer": "recommendation${index}",
                                                    "commands": [
                                                        {
                                                            "type": "Idle",
                                                            "delay": "${400 + (index * 150)}"
                                                        },
                                                        {
                                                            "type": "FadeIn"
                                                        }
                                                    ]
                                                }
                                            ]
                                        }
                                    ]
                                }
                            ]
                        }
                    },
                    {
                        "type": "Frame",
                        "backgroundColor": "rgba(#080910,.9)",
                        "width": "100vw",
                        "height": "@STICKY_HEADER_HEIGHT",
                        "position": "absolute",
                        "shadowColor": "rgba(0,0,0,.5)",
                        "shadowRadius": 20,
                        "shadowVerticalOffset": 10,
                        "id": "stickyHeader",
                        "transform": [
                            {
                                "translateY": "${@STICKY_HEADER_HEIGHT_OFFSET * -1}"
                            }
                        ],
                        "item": {
                            "type": "Container",
                            "width": "100%",
                            "height": "100%",
                            "direction": "row",
                            "items": [
                                {
                                    "type": "CoverImage",
                                    "width": 215,
                                    "height": "100%"
                                },
                                {
                                    "type": "Container",
                                    "width": "100%",
                                    "grow": 0,
                                    "shrink": 1,
                                    "height": "100%",
                                    "items": [
                                        {
                                            "type": "Container",
                                            "width": "100%",
                                            "grow": 1,
                                            "padding": [
                                                "@spacingMedium",
                                                "@spacingXSmall"
                                            ],
                                            "direction": "${@viewportProfile == @mobileSmall ? 'column' : 'row'}",
                                            "alignItems": "center",
                                            "items": [
                                                {
                                                    "type": "Container",
                                                    "shrink": 1,
                                                    "items": [
                                                        {
                                                            "type": "Vendor",
                                                            "width": 70,
                                                            "height": 70,
                                                            "fontSize": "@fontSizeSmall"
                                                        },
                                                        {
                                                            "type": "SongName",
                                                            "fontSize": "@fontSizeXLarge",
                                                            "maxLines": 1,
                                                            "lineHeight": 1
                                                        },
                                                        {
                                                            "type": "Interpreter",
                                                            "fontWeight": "@fontWeightLight",
                                                            "lineHeight": 1
                                                        }
                                                    ]
                                                },
                                                {
                                                    "type": "Container",
                                                    "grow": 0,
                                                    "shrink": 0,
                                                    "direction": "row",
                                                    "paddingTop": "${@viewportProfile == @mobileSmall ? @spacingSmall : 0}",
                                                    "width": "${@viewportProfile == @mobileSmall ? '100%' : 'auto'}",
                                                    "justifyContent": "${@viewportProfile == @mobileSmall ? 'start' : 'end'}",
                                                    "items": [
                                                        {
                                                            "type": "AlexaIconButton",
                                                            "buttonStyle": "contained",
                                                            "vectorSource": "M21.549,11.208L7.328,2.13C7.052,1.955,6.715,1.957,6.441,2.136C6.168,2.315,6,2.644,6,3v18c0,0.354,0.167,0.683,0.439,0.862C6.578,21.954,6.733,22,6.889,22c0.149,0,0.298-0.042,0.433-0.127l14.223-8.922c0.28-0.176,0.455-0.509,0.456-0.87C22.001,11.72,21.829,11.386,21.549,11.208z"
                                                        },
                                                        {
                                                            "type": "AlexaIconButton",
                                                            "vectorSource": "M18,3h-2c-0.55,0-1,0.45-1,1v6.067L6.57,4.182C6.26,3.97,5.87,3.939,5.54,4.111C5.21,4.293,5,4.636,5,5.009v13.981c0,0.373,0.21,0.717,0.54,0.888C5.68,19.96,5.84,20,6,20c0.2,0,0.4-0.061,0.57-0.182L15,13.923V20c0,0.55,0.45,1,1,1h2c0.55,0,1-0.45,1-1V4C19,3.45,18.55,3,18,3z"
                                                        }
                                                    ]
                                                }
                                            ]
                                        },
                                        {
                                            "type": "AlexaProgressBar",
                                            "totalValue": 320,
                                            "progressValue": 120,
                                            "theme": "dark"
                                        }
                                    ]
                                }
                            ]
                        }
                    }
                ]
            }
        ]
    }
}