{
  "interactionModel": {
    "languageModel": {
      "invocationName": "jarvis",
      "intents": [
        {
          "name": "AMAZON.CancelIntent",
          "samples": []
        },
        {
          "name": "AMAZON.HelpIntent",
          "samples": []
        },
        {
          "name": "AMAZON.StopIntent",
          "samples": []
        },
        {
          "name": "HelloWorldIntent",
          "slots": [],
          "samples": [
            "hello",
            "how are you",
            "say hi world",
            "say hi",
            "hi",
            "say hello world",
            "say hello"
          ]
        },
        {
          "name": "AMAZON.NavigateHomeIntent",
          "samples": []
        },
        {
          "name": "AMAZON.FallbackIntent",
          "samples": []
        },
        {
          "name": "AMAZON.YesIntent",
          "samples": []
        },
        {
          "name": "PlayMusicIntent",
          "slots": [
            {
              "name": "songQuery",
              "type": "AMAZON.MusicRecording"
            }
          ],
          "samples": [
            "play {songQuery}"
          ]
        },
        {
          "name": "DislikeIntent",
          "slots": [
            {
              "name": "artistName",
              "type": "AMAZON.Artist"
            }
          ],
          "samples": [
            "I don\u0027t like {artistName}"
          ]
        },
        {
          "name": "ListRecommendationsIntent",
          "slots": [
            {
              "name": "query",
              "type": "AMAZON.SearchQuery"
            },
            {
              "name": "domain",
              "type": "domains"
            }
          ],
          "samples": [
            "show me some {domain}",
            "show me {query}"
          ]
        }
      ],
      "types": [
        {
          "values": [
            {
              "name": {
                "value": "movie"
              }
            },
            {
              "name": {
                "value": "song"
              }
            },
            {
              "name": {
                "value": "receipt"
              }
            },
            {
              "name": {
                "value": "songs"
              }
            },
            {
              "name": {
                "value": "movies"
              }
            },
            {
              "name": {
                "value": "receipts"
              }
            }
          ],
          "name": "domains"
        }
      ]
    }
  },
  "version": "20"
}