{"type":"APL","version":"1.8","license":"Copyright 2021 Amazon.com, Inc. or its affiliates. All Rights Reserved.\nSPDX-License-Identifier: LicenseRef-.amazon.com.-AmznSL-1.0\nLicensed under the Amazon Software License  http://aws.amazon.com/asl/","import":[{"name":"alexa-layouts","version":"1.5.0"}],"mainTemplate":{"parameters":["payload"],"items":[{"type":"Container","height":"100vh","width":"100vw","paddingTop":"@spacingSmall","bind":[{"name":"sliderThumbPosition","value":0},{"name":"videoProgressValue","type":"number","value":0},{"name":"videoTotalValue","type":"number","value":0}],"items":[{"type":"ScrollView","height":"200dp","width":"300dp"},{"type":"AlexaBackground"},{"type":"AlexaIconButton","buttonSize":"72dp","vectorSource":"M21.343,8.661l-7.895-7.105c-0.823-0.741-2.073-0.741-2.896,0L2.657,8.661C2.238,9.039,2,9.564,2,10.113V20c0,1.105,0.943,2,2.105,2H9v-9h6v9h4.895C21.057,22,22,21.105,22,20v-9.887C22,9.564,21.762,9.039,21.343,8.661z","primaryAction":{"type":"SetValue","componentId":"textToUpdate","property":"text","value":"${exampleData.imageStyleText}"}},{"type":"Video","height":"100%","width":"70vw","alignSelf":"center","shrink":1,"autoplay":true,"audioTrack":"foreground","id":"videoPlayerId","source":["https://d2o906d8ln7ui1.cloudfront.net/videos/AdobeStock_277864451.mov","https://d2o906d8ln7ui1.cloudfront.net/videos/AdobeStock_292807382.mov","https://d2o906d8ln7ui1.cloudfront.net/videos/AdobeStock_320293418.mov"],"onPlay":[{"type":"SetValue","property":"videoTotalValue","value":"${event.duration}"}],"onTrackUpdate":[{"type":"SetValue","property":"videoTotalValue","value":"${event.duration}"}],"onTimeUpdate":[{"type":"SetValue","property":"videoProgressValue","value":"${event.currentTime}"},{"type":"SetValue","componentId":"slider","property":"progressValue","value":"${videoProgressValue}"},{"type":"SetValue","property":"videoTotalValue","value":"${event.duration}"}],"onTrackReady":[{"type":"SetValue","property":"videoTotalValue","value":"${event.duration}"}],"onTrackFail":[{"type":"SetValue","property":"videoTotalValue","value":"0"}]},{"type":"Container","alignItems":"center","item":[{"type":"AlexaSlider","id":"slider","progressValue":"${videoProgressValue}","totalValue":"${videoTotalValue}","positionPropertyName":"sliderThumbPosition","metadataDisplayed":true,"metadataPosition":"above_right","width":"75vw","paddingBottom":"90dp","onUpCommand":[{"type":"SetValue","componentId":"debugText","property":"text","value":"${sliderThumbPosition - videoProgressValue}"},{"type":"ControlMedia","componentId":"videoPlayerId","command":"seek","value":"${sliderThumbPosition - videoProgressValue}"}]},{"type":"AlexaTransportControls","mediaComponentId":"videoPlayerId","playPauseToggleButtonId":"playPauseToggleButtonId","primaryControlSize":"70dp","secondaryControlSize":"60dp","autoplay":true,"position":"absolute","bottom":"10dp"}]}]}]}}